序号,文件名称,文件编号,成文日期
1,国家税务总局关于企业所得税年度纳税申报有关事项的公告,国家税务总局公告2022年第27号,2022/12/30
2,财政部 税务总局关于企业投入基础研究税收优惠政策的公告,财政部 税务总局公告2022年第32号,2022/9/30
3,财政部 税务总局 科技部关于加大支持科技创新税前扣除力度的公告,财政部 税务总局 科技部公告2022年第28号,2022/9/22
4,国家税务总局关于企业预缴申报享受研发费用加计扣除优惠政策有关事项的公告,国家税务总局公告2022年第10号,2022/5/20
5,国家税务总局关于小型微利企业所得税优惠政策征管问题的公告,国家税务总局公告2022年第5号,2022/3/24
6,财政部 税务总局 科技部关于进一步提高科技型中小企业研发费用税前加计扣除比例的公告,财政部 税务总局 科技部公告2022年第16号,2022/3/23
7,财政部 税务总局关于进一步实施小微企业所得税优惠政策的公告,财政部 税务总局公告2022年第13号,2022/3/14
8,财政部 税务总局关于中小微企业设备器具所得税税前扣除有关政策的公告,财政部 税务总局公告2022年第12号,2022/3/2
9,财政部 税务总局关于基础设施领域不动产投资信托基金（REITs）试点税收政策的公告,财政部 税务总局公告2022年第3号,2022/1/26
10,国家税务总局关于企业所得税年度汇算清缴有关事项的公告,国家税务总局公告2021年第34号,2021/12/31
11,市场监管总局等五部门关于发布《企业注销指引（2021年修订）》的公告,市场监管总局 人力资源社会保障部 商务部 海关总署 税务总局公告2021年第48号,2021/12/28
12,财政部等四部门关于公布《环境保护、节能节水项目企业所得税优惠目录（2021年版）》以及《资源综合利用企业所得税优惠目录（2021年版）》的公告,财政部 税务总局 发展改革委 生态环境部公告2021年第36号,2021/12/16
13,财政部 税务总局关于延续境外机构投资境内债券市场企业所得税、增值税政策的公告,财政部 税务总局公告2021年34号,2021/11/22
14,国家税务总局 财政部关于制造业中小微企业延缓缴纳2021年第四季度部分税费有关事项的公告,国家税务总局公告2021年第30号,2021/10/29
15,国家税务总局关于企业所得税若干政策征管口径问题的公告,国家税务总局公告2021年第17号,2021/6/22
16,研发费用税前加计扣除新政指引,,2021/5/14
17,国家税务总局关于落实支持小型微利企业和个体工商户发展所得税优惠政策有关事项的公告,国家税务总局公告2021年第8号,2021/4/7
18,财政部 税务总局关于实施小微企业和个体工商户所得税优惠政策的公告,财政部 税务总局公告2021年第12号,2021/4/2
19,财政部 税务总局 民政部关于生产和装配伤残人员专门用品企业免征企业所得税的公告,财政部 税务总局 民政部公告2021年第14号,2021/4/2
20,财政部 税务总局关于进一步完善研发费用税前加计扣除政策的公告,财政部 税务总局公告2021年第13号,2021/3/31
21,国家税务总局关于发布《中华人民共和国企业所得税月（季）度预缴纳税申报表（A类）》的公告,国家税务总局公告2021年第3号,2021/3/15
22,国家税务总局关于修订企业所得税年度纳税申报表的公告,国家税务总局公告2020年第24号,2020/12/30
23,财政部 税务总局 民政部关于2020年度——2022年度公益性社会组织捐赠税前扣除资格名单的公告,财政部 税务总局 民政部公告2020年第46号,2020/12/30
24,财政部 税务总局 发展改革委 工业和信息化部关于促进集成电路产业和软件产业高质量发展企业所得税政策的公告,财政部 税务总局 发展改革委 工业和信息化部公告2020年第45号,2020/12/11
25,财政部 税务总局关于广告费和业务宣传费支出税前扣除有关事项的公告,财政部 税务总局公告2020年第43号,2020/11/27
26,财政部 税务总局关于中国（上海）自贸试验区临港新片区重点产业企业所得税政策的通知,财税〔2020〕38号,2020/7/13
27,国家税务总局关于修订《中华人民共和国企业所得税月（季）度预缴纳税申报表（A类，2018年版）》等报表的公告,国家税务总局公告2020年第12号,2020/6/29
28,财政部 税务总局关于海南自由贸易港企业所得税优惠政策的通知,财税〔2020〕31号,2020/6/23
29,财政部 税务总局关于集成电路设计企业和软件企业2019年度企业所得税汇算清缴适用政策的公告,财政部 税务总局公告2020年第29号,2020/5/29
30,国家税务总局关于小型微利企业和个体工商户延缓缴纳2020年所得税有关事项的公告,国家税务总局公告2020年第10号,2020/5/19
31,财政部 税务总局 国家发展改革委关于延续西部大开发企业所得税政策的公告,财政部公告2020年第23号,2020/4/23
32,国家税务总局关于修订企业所得税年度纳税申报表有关问题的公告,国家税务总局公告2019年第41号,2019/12/9
33,国家税务总局关于跨境电子商务综合试验区零售出口企业所得税核定征收有关问题的公告,国家税务总局公告2019年第36号,2019/10/26
34,财政部 税务总局关于确认中国红十字会总会等群众团体2019年度公益性捐赠税前扣除资格的公告,财政部 税务总局公告2019年第89号,2019/10/18
35,财政部 税务总局关于金融企业贷款损失准备金企业所得税税前扣除有关政策的公告,财政部 税务总局公告2019年第86号,2019/8/23
36,财政部 税务总局关于金融企业涉农贷款和中小企业贷款损失准备金税前扣除有关政策的公告,财政部 税务总局公告2019年第85号,2019/8/23
37,财政部 税务总局关于集成电路设计和软件产业企业所得税政策的公告,财政部 税务总局公告2019年第68号,2019/5/17
38,国家税务总局关于修订《中华人民共和国企业所得税年度纳税申报表（A类，2017年版）》部分表单样式及填报说明的公告,国家税务总局公告2018年第57号,2018/12/17
39,国家税务总局关于简化小型微利企业所得税年度纳税申报有关措施的公告,国家税务总局公告2018年第58号,2018/12/17
40,财政部 税务总局关于境外机构投资境内债券市场企业所得税 增值税政策的通知,财税〔2018〕108号,2018/11/7
41,国家税务总局关于责任保险费企业所得税税前扣除有关问题的公告,国家税务总局公告2018年第52号,2018/10/31
42,财政部 税务总局关于全国社会保障基金有关投资业务税收政策的通知,财税〔2018〕94号,2018/9/10
43,国家税务总局关于延长高新技术企业和科技型中小企业亏损结转弥补年限有关企业所得税处理问题的公告,国家税务总局公告2018年第45号,2018/8/23
44,国家税务总局关于设备 器具扣除有关企业所得税政策执行问题的公告,国家税务总局公告2018年第46号,2018/8/23
45,财政部 国家税务总局 应急管理部关于印发《安全生产专用设备企业所得税优惠目录（2018年版）》的通知,财税〔2018〕84号,2018/8/15
46,财政部 税务总局关于进一步扩大小型微利企业所得税优惠政策范围的通知,财税〔2018〕77号,2018/7/11
47,财政部 税务总局 科技部关于企业委托境外研究开发费用税前加计扣除有关政策问题的通知,财税〔2018〕64号,2018/6/25
48,国家税务总局关于发布《企业所得税税前扣除凭证管理办法》的公告,国家税务总局公告2018年第28号,2018/6/6
49,财政部 税务总局关于设备 器具扣除有关企业所得税政策的通知,财税〔2018〕54号,2018/5/7
50,财政部 税务总局 国家发展改革委 工业和信息化部关于集成电路生产企业有关企业所得税政策问题的通知,财税〔2018〕27号,2018/3/28
51,国家税务总局关于发布《中华人民共和国企业所得税年度纳税申报表（A类，2017年版）》的公告,国家税务总局公告2017年第54号,2017/12/29
52,国家税务总局关于非居民企业所得税源泉扣缴有关问题的公告,国家税务总局公告2017年第37号,2017/10/17
53,国家税务总局 科技部关于加强企业研发费用税前加计扣除政策贯彻落实工作的通知,税总发〔2017〕106号,2017/9/18
54,财政部 税务总局 国家发展改革委 工业和信息化部 环境保护部关于印发节能节水和环境保护专用设备企业所得税优惠目录（2017年版）的通知,财税〔2017〕71号,2017/9/6
55,科技部 财政部 国家税务总局关于进一步做好企业研发费用加计扣除政策落实工作的通知,国科发政〔2017〕211号,2017/7/21
56,国家税务总局关于实施高新技术企业所得税优惠政策有关问题的公告,国家税务总局公告2017年第24号,2017/6/19
57,国家税务总局关于贯彻落实扩大小型微利企业所得税优惠政策范围有关征管问题的公告,国家税务总局公告2017年第23号,2017/6/7
58,财政部 税务总局关于扩大小型微利企业所得税优惠政策范围的通知,财税〔2017〕43号,2017/6/6
59,国家税务总局关于2016年度企业研究开发费用税前加计扣除政策企业所得税纳税申报问题的公告,国家税务总局公告2017年第12号,2017/5/2
60,国家税务总局关于为纳税人提供企业所得税税收政策风险提示服务有关问题的公告,国家税务总局公告2017年第10号,2017/4/18
61,财政部 国家税务总局关于中小企业融资(信用)担保机构有关准备金企业所得税税前扣除政策的通知,财税〔2017〕22号,2017/3/21
62,财政部 国家税务总局关于证券行业准备金支出企业所得税税前扣除有关政策问题的通知,财税〔2017〕23号,2017/3/21
63,国家税务总局关于修订企业所得税2个规范性文件的公告,国家税务总局公告2016年第88号,2016/12/29
64,国家税务总局关于企业所得税有关问题的公告,国家税务总局公告2016年第80号,2016/12/9
65,财政部 国家税务总局关于保险公司准备金支出企业所得税税前扣除有关政策问题的通知,财税〔2016〕114号,2016/11/12
66,财政部 国家税务总局 民政部关于生产和装配伤残人员专门用品企业免征企业所得税的通知,财税〔2016〕111号,2016/10/24
67,财政部 国家税务总局 发展改革委 工业和信息化部关于软件和集成电路产业企业所得税优惠政策有关问题的通知,财税〔2016〕49号,2016/5/4
68,国家税务总局关于贯彻落实研发费用加计扣除和全国推广自主创新示范区所得税政策的通知,税总发〔2015〕146号,2015/12/9
69,国家税务总局关于有限合伙制创业投资企业法人合伙人企业所得税有关问题的公告,国家税务总局公告2015年第81号,2015/11/16
70,关于许可使用权技术转让所得企业所得税有关问题的公告,国家税务总局公告2015年第82号,2015/11/16
71,国家税务总局关于进一步完善固定资产加速折旧企业所得税政策有关问题的公告,国家税务总局公告2015年第68号,2015/9/25
72,国家税务总局关于贯彻落实进一步扩大小型微利企业减半征收企业所得税范围有关问题的公告,国家税务总局公告2015年第61号,2015/9/10
73,国家税务总局关于认真做好小型微利企业所得税优惠政策贯彻落实工作的通知,税总发〔2015〕108号,2015/9/9
74,国家税务总局关于企业重组业务企业所得税征收管理若干问题的公告,国家税务总局公告2015年第48号,2015/6/24
75,国家税务总局关于境内机构向我国银行的境外分行支付利息扣缴企业所得税有关问题的公告,国家税务总局公告2015年第47号,2015/6/19
76,国家税务总局关于资产（股权）划转企业所得税征管问题的公告,国家税务总局公告2015年第40号,2015/5/27
77,工业和信息化部 国家税务总局关于2014年度软件企业所得税优惠政策有关事项的通知,工信部联软函〔2015〕273号,2015/5/27
78,国家税务总局关于发布《中华人民共和国企业所得税月（季）度预缴纳税申报表（2015年版）等报表》的公告,国家税务总局公告2015年第31号,2015/4/30
79,国家税务总局关于大屯煤电（集团）有限责任公司债转股及减资企业所得税处理问题的批复,税总函〔2015〕221号,2015/4/28
80,国家税务总局关于修改《非居民企业所得税核定征收管理办法》等文件的公告,国家税务总局公告2015年第22号,2015/4/17
81,国家税务总局关于贯彻落实扩大小型微利企业减半征收企业所得税范围有关问题的公告,国家税务总局公告2015年第17号,2015/3/18
82,国家税务总局关于企业向境外关联方支付费用有关企业所得税问题的公告,国家税务总局公告2015年第16号,2015/3/18
83,财政部 国家税务总局关于小型微利企业所得税优惠政策的通知,财税〔2015〕34号,2015/3/13
84,国家税务总局关于执行《西部地区鼓励类产业目录》有关企业所得税问题的公告,国家税务总局公告2015年第14号,2015/3/10
85,国家税务总局关于修订《企业所得税汇算清缴数据采集规范》的通知,税总函〔2015〕102号,2015/2/12
86,财政部 国家税务总局 发展改革委 工业和信息化部关于进一步鼓励集成电路产业发展企业所得税政策的通知,财税〔2015〕6号,2015/2/9
87,国家税务总局关于非居民企业间接转让财产企业所得税若干问题的公告,国家税务总局公告2015年第7号,2015/2/3
88,国家税务总局关于3项企业所得税事项取消审批后加强后续管理的公告,国家税务总局公告2015年第6号,2015/2/2
89,财政部 国家税务总局关于金融企业贷款损失准备金企业所得税税前扣除有关政策的通知,财税〔2015〕9号,2015/1/15
90,财政部 国家税务总局关于非货币性资产投资企业所得税政策问题的通知,财税〔2014〕116号,2014/12/31
91,财政部 国家税务总局关于促进企业重组有关企业所得税处理问题的通知,财税〔2014〕109号,2014/12/25
92,国家税务总局关于中国石油天然气股份有限公司2013年进口天然气增值税返还收入涉及企业所得税纳税地点问题的批复,税总函〔2014〕606号,2014/12/15
93,国家税务总局关于境外投资方间接转让北京燕莎友谊商城有限公司股权征收企业所得税的批复,税总函〔2014〕579号,2014/12/3
94,国家税务总局关于发布《中华人民共和国企业所得税年度纳税申报表(A类，2014年版)》的公告,国家税务总局公告2014年第63号,2014/11/3
95,财政部 国家税务总局 证监会关于QFII和RQFII取得中国境内的股票等权益性投资资产转让所得暂免征收企业所得税问题的通知,财税〔2014〕79号,2014/10/31
96,财政部 国家税务总局关于完善固定资产加速折旧企业所得税政策的通知,财税〔2014〕75号,2014/10/20
97,国家税务总局关于企业所得税应纳税所得额若干问题的公告,国家税务总局公告2014年第29号,2014/5/23
98,财政部 国家税务总局 民政部关于调整完善扶持自主就业退役士兵创业就业有关税收政策的通知,财税〔2014〕42号,2014/4/29
99,财政部 国家税务总局 人力资源社会保障部关于继续实施支持和促进重点群体创业就业有关税收政策的通知,财税〔2014〕39号,2014/4/29
100,国家税务总局关于贯彻落实小型微利企业所得税优惠政策的通知,税总发〔2014〕58号,2014/4/22
101,国家税务总局关于委托投资情况下认定受益所有人问题的公告,国家税务总局公告2014年第24号,2014/4/21
102,国家税务总局关于扩大小型微利企业减半征收企业所得税范围有关问题的公告,国家税务总局公告2014年第23号,2014/4/18
103,财政部 国家税务总局关于小型微利企业所得税优惠政策有关问题的通知,财税〔2014〕34号,2014/4/8
104,财政部 国家税务总局关于2014 2015年铁路建设债券利息收入企业所得税政策的通知,财税〔2014〕2号,2014/1/29
105,国家税务总局关于商业零售企业存货损失税前扣除问题的公告,国家税务总局公告2014年第3号,2014/1/10
106,财政部 国家税务总局关于国家大学科技园税收政策的通知,财税〔2013〕118号,2013/12/31
107,财政部 国家税务总局关于科技企业孵化器税收政策的通知,财税〔2013〕117号,2013/12/31
108,国家税务总局 国家发展改革委关于落实节能服务企业合同能源管理项目企业所得税优惠政策有关征收管理问题的公告,国家税务总局 国家发展改革委公告2013年第77号,2013/12/17
109,国家税务总局关于非居民企业股权转让适用特殊性税务处理有关问题的公告,国家税务总局公告2013年第72号,2013/12/12
110,国家税务总局关于企业维简费支出企业所得税税前扣除问题的公告,国家税务总局公告2013年第67号,2013/11/28
111,财政部 国家税务总局关于中国（上海）自由贸易试验区内企业以非货币性资产对外投资等资产重组行为有关企业所得税政策问题的通知,财税〔2013〕91号,2013/11/15
112,财政部 国家税务总局 民政部关于公布获得2013年度第一批公益性捐赠税前扣除资格的公益性社会团体名单的通知,财税〔2013〕69号,2013/11/11
113,财政部 国家税务总局关于确认中国红十字会总会 中华全国总工会 中国宋庆龄基金会和中国国际人才交流基金会2013年度公益性捐赠税前扣除资格的通知,财税〔2013〕79号,2013/10/30
114,财政部 国家税务总局关于保险保障基金有关税收政策继续执行的通知,财税〔2013〕81号,2013/10/28
115,财政部 国家税务总局关于期货投资者保障基金有关税收政策继续执行的通知,财税〔2013〕80号,2013/10/28
116,国家税务总局关于技术转让所得减免企业所得税有关问题的公告,国家税务总局公告2013年第62号,2013/10/21
117,国家税务总局关于电信企业手续费及佣金支出税前扣除问题的公告,国家税务总局公告2013年第59号,2013/10/10
118,国家税务总局关于中国邮政集团公司企业所得税征管问题的公告,国家税务总局公告2013年第58号,2013/9/30
119,财政部 海关总署 国家税务总局关于支持芦山地震灾后恢复重建有关税收政策问题的通知,财税〔2013〕58号,2013/9/30
120,财政部 国家税务总局关于企业参与政府统一组织的棚户区改造有关企业所得税政策问题的通知,财税〔2013〕65号,2013/9/30
121,国家税务总局关于中国长城资产管理公司企业所得税征管问题的公告,国家税务总局公告2013年第57号,2013/9/29
122,财政部 国家税务总局关于研究开发费用税前加计扣除有关政策问题的通知,财税〔2013〕70号,2013/9/29
123,财政部 国家税务总局关于中国邮政储蓄银行改制上市有关税收政策的通知,财税〔2013〕53号,2013/9/12
124,国家税务总局关于明确跨地区经营企业所得税汇总纳税分支机构年度纳税申报有关事项的公告,国家税务总局公告2013年第44号,2013/8/2
125,国家税务总局关于执行软件企业所得税优惠政策有关问题的公告,国家税务总局公告2013年第43号,2013/7/25
126,国家税务总局关于企业混合性投资业务企业所得税处理问题的公告,国家税务总局公告2013年第41号,2013/7/15
127,国家税务总局关于中国华融资产管理股份有限公司和中国东方资产管理公司企业所得税征管问题的公告,国家税务总局公告2013年第38号,2013/7/9
128,财政部 国家税务总局 民政部关于公布获得2012年度第二批公益性捐赠税前扣除资格的公益性社会团体名单的通知,财税〔2013〕35号,2013/5/30
129,国家税务总局关于电网企业电网新建项目享受所得税优惠政策问题的公告,国家税务总局公告2013年第26号,2013/5/24
130,国家税务总局关于苏州工业园区有限合伙制创业投资企业法人合伙人企业所得税政策试点有关征收管理问题的公告,国家税务总局公告2013年第25号,2013/5/24
131,财政部 国家税务总局 民政部关于确认实事助学基金会2013年度公益性捐赠税前扣除资格的通知,财税〔2013〕22号,2013/5/21
132,国家税务总局关于加强企业所得税后续管理的指导意见,税总发〔2013〕55号,2013/5/20
133,财政部 国家税务总局关于确认中国红十字会总会 中华全国总工会和中国宋庆龄基金会2012年度公益性捐赠税前扣除资格的通知,财税〔2013〕29号,2013/5/2
134,国家税务总局关于非居民企业派遣人员在中国境内提供劳务征收企业所得税有关问题的公告,国家税务总局公告2013年第19号,2013/4/19
135,国家税务总局关于进一步加强企业所得税汇算清缴工作的通知,税总发〔2013〕26号,2013/3/13
136,国家税务总局关于企业政策性搬迁所得税有关问题的公告,国家税务总局公告2013年第11号,2013/3/12
137,财政部 国家税务总局 民政部关于公布获得2012年度公益性捐赠税前扣除资格的公益性社会团体名单的通知,财税〔2013〕10号,2013/3/8
138,国家税务总局关于营业税改征增值税试点中非居民企业缴纳企业所得税有关问题的公告,国家税务总局公告2013年第9号,2013/2/19
139,财政部 国家税务总局关于地方政府债券利息免征所得税问题的通知,财税〔2013〕5号,2013/2/6
140,财政部 海关总署 国家税务总局关于赣州市执行西部大开发税收政策问题的通知,财税〔2013〕4号,2013/1/10
141,国家税务总局关于印发《跨地区经营汇总纳税企业所得税征收管理办法》的公告,国家税务总局公告2012年第57号,2012/12/27
142,财政部 国家税务总局 中国人民银行关于《跨省市总分机构企业所得税分配及预算管理办法》的补充通知,财预〔2012〕453号,2012/12/25
143,国家税务总局关于对跨地区经营汇总纳税企业所得税款分配情况进行检查的通知,国税函〔2012〕445号,2012/9/24
144,财政部 国家税务总局 中国人民银行关于调整铁路运输企业税收收入划分办法的通知,财预〔2012〕383号,2012/9/7
145,国家税务总局关于发布《企业政策性搬迁所得税管理办法》的公告,国家税务总局公告2012年第40号,2012/8/10
146,财政部 国家税务总局关于苏州工业园区有限合伙制创业投资企业法人合伙人企业所得税试点政策的通知,财税〔2012〕67号,2012/8/1
147,国家税务总局关于中国信达资产管理股份有限公司变更二级分支机构的公告,国家税务总局公告2012年第37号,2012/7/27
148,国家税务总局关于企业所得税核定征收有关问题的公告,国家税务总局公告2012年第27号,2012/6/19
149,财政部 国家税务总局 中国人民银行关于印发《跨省市总分机构企业所得税分配及预算管理办法》的通知,财预〔2012〕40号,2012/6/12
150,财政部 国家税务总局关于广告费和业务宣传费支出税前扣除政策的通知,财税〔2012〕48号,2012/5/30
151,国家税务总局关于软件和集成电路企业认定管理有关问题的公告,国家税务总局公告〔2012〕19号,2012/5/30
152,财政部 国家税务总局关于确认中华全国总工会和中国红十字会总会2011年度公益性捐赠税前扣除资格的通知,财税〔2012〕47号,2012/5/24
153,国家税务总局关于我国居民企业实行股权激励计划有关企业所得税处理问题的公告,国家税务总局公告2012年第18号,2012/5/23
154,财政部 国家税务总局关于保险公司准备金支出企业所得税税前扣除有关政策问题的通知,财税〔2012〕45号,2012/5/15
155,财政部 国家税务总局关于支持农村饮水安全工程建设运营税收政策的通知,财税〔2012〕30号,2012/4/24
156,国家税务总局关于企业所得税应纳税所得额若干税务处理问题的公告,国家税务总局公告2012年第15号,2012/4/24
157,财政部 国家税务总局关于进一步鼓励软件产业和集成电路产业发展企业所得税政策的通知,财税〔2012〕27号,2012/4/20
158,财政部 国家税务总局 民政部关于公布2011年度第二批获得公益性捐赠税前扣除资格的公益性社会团体名单的通知,财税〔2012〕26号,2012/4/20
159,国家税务总局关于小型微利企业预缴企业所得税有关问题的公告,国家税务总局公告2012年第14号,2012/4/13
160,财政部 国家税务总局关于中小企业信用担保机构有关准备金企业所得税税前扣除政策的通知,财税〔2012〕25号,2012/4/11
161,国家税务总局关于深入实施西部大开发战略有关企业所得税问题的公告,国家税务总局公告2012年第12号,2012/4/6
162,财政部 国家税务总局关于保险公司农业巨灾风险准备金企业所得税税前扣除政策的通知,财税〔2012〕23号,2012/3/29
163,财政部 国家税务总局关于证券行业准备金支出企业所得税税前扣除有关政策问题的通知,财税〔2012〕11号,2012/2/16
164,财政部 国家税务总局关于金融企业贷款损失准备金企业所得税税前扣除政策的通知,财税〔2012〕5号,2012/1/29
165,财政部 国家税务总局关于企业参与政府统一组织的棚户区改造支出企业所得税税前扣除政策有关问题的通知,财税〔2012〕12号,2012/1/10
166,财政部 国家税务总局关于公共基础设施项目和环境保护 节能节水项目企业所得税优惠政策问题的通知,财税〔2012〕10号,2012/1/5
167,国家税务总局关于发布《中华人民共和国企业所得税月（季）度预缴纳税申报表》等报表的补充公告,国家税务总局公告2011年第76号,2011/12/22
168,国家税务总局关于发布《中华人民共和国企业所得税月（季）度预缴纳税申报表》等报表的公告,国家税务总局公告2011年第64号,2011/11/30
169,财政部 国家税务总局关于小型微利企业所得税优惠政策有关问题的通知,财税〔2011〕117号,2011/11/29
170,财政部 国家税务总局关于新疆喀什霍尔果斯两个特殊经济开发区企业所得税优惠政策的通知,财税〔2011〕112号,2011/11/29
171,财政部 国家税务总局 民政部关于生产和装配伤残人员专门用品企业免征企业所得税的通知,财税〔2011〕81号,2011/10/20
172,财政部 国家税务总局关于延长金融企业涉农贷款和中小企业贷款损失准备金税前扣除政策执行期限的通知,财税〔2011〕104号,2011/10/19
173,财政部 国家税务总局关于铁路建设债券利息收入企业所得税政策的通知,财税〔2011〕99号,2011/10/10
174,国家税务总局关于实施农 林 牧 渔业项目企业所得税优惠问题的公告,国家税务总局公告2011年第48号,2011/9/13
175,财政部 国家税务总局关于专项用途财政性资金企业所得税处理问题的通知,财税〔2011〕70号,2011/9/7
176,财政部 国家税务总局 国家发展改革委工业和信息化部关于公布新疆困难地区重点鼓励发展产业企业所得税优惠目录（试行）的通知,财税〔2011〕60号,2011/8/26
177,财政部 国家税务总局关于地方政府债券利息所得免征所得税问题的通知,财税〔2011〕76号,2011/8/26
178,财政部 海关总署 国家税务总局关于深入实施西部大开发战略有关税收政策问题的通知,财税〔2011〕58号,2011/7/27
179,国家税务总局关于印发《境外注册中资控股居民企业所得税管理办法（试行）》的公告,国家税务总局公告2011年第45号,2011/7/27
180,国家税务总局关于企业转让上市公司限售股有关所得税问题的公告,国家税务总局公告2011年第39号,2011/7/7
181,国家税务总局关于企业国债投资业务企业所得税处理问题的公告,国家税务总局公告2011年第36号,2011/6/22
182,财政部 国家税务总局关于新疆困难地区新办企业所得税优惠政策的通知,财税〔2011〕53号,2011/6/17
183,国家税务总局关于企业所得税若干问题的公告,国家税务总局公告2011年第34号,2011/6/9
184,财政部 国家税务总局 民政部关于公布2011年度第一批获得公益性捐赠税前扣除资格的公益性社会团体名单的通知,财税〔2011〕45号,2011/6/3
185,关于高新技术企业境外所得适用税率及税收抵免问题的通知,财税〔2011〕47号,2011/5/31
186,财政部 国家税务总局关于我国石油企业在境外从事油（气）资源开采所得税收抵免有关问题的通知,财税〔2011〕23号,2011/5/26
187,关于享受企业所得税优惠的农产品初加工有关范围的补充通知,财税〔2011〕26号,2011/5/11
188,国家税务总局关于税务机关代收工会经费企业所得税税前扣除凭据问题的公告,国家税务总局公告2011年第30号,2011/5/11
189,国家税务总局关于企业所得税年度纳税申报口径问题的公告,国家税务总局公告〔2011〕29号,2011/4/29
190,国家税务总局关于煤矿企业维简费和高危行业企业安全生产费用企业所得税税前扣除问题的公告,国家税务总局公告2011年第26号,2011/3/31
191,国家税务总局关于发布《企业资产损失所得税税前扣除管理办法》的公告,国家税务总局公告2011年第25号,2011/3/31
192,国家税务总局关于非居民企业所得税管理若干问题的公告,国家税务总局公告2011年第24号,2011/3/28
193,国家税务总局关于发布《海上油气生产设施弃置费企业所得税管理办法》的公告,国家税务总局公告2011年第22号,2011/3/22
194,国家税务总局关于《中华人民共和国政府和土库曼斯坦政府对所得避免双重征税和防止偷漏税的协定》及议定书生效执行的公告,国家税务总局公告2011年第10号,2011/1/30
195,财政部 国家税务总局关于继续实施小型微利企业所得税优惠政策的通知,财税〔2011〕4号,2011/1/27
196,国家税务总局关于高新技术企业资格复审期间企业所得税预缴问题的公告,国家税务总局公告2011年第4号,2011/1/10
197,财政部 国家税务总局关于居民企业技术转让有关企业所得税政策问题的通知,财税〔2010〕111号,2010/12/31
198,财政部 国家税务总局关于促进节能服务产业发展增值税 营业税和企业所得税政策问题的通知,财税〔2010〕110号,2010/12/30
199,财政部 海关总署 国家税务总局关于支持舟曲灾后恢复重建有关税收政策问题的通知,财税〔2010〕107号,2010/12/29
200,国家税务总局关于电网企业输电线路部分报废损失税前扣除问题的公告,国家税务总局公告2010年第30号,2010/12/24
201,国家税务总局关于房地产开发企业注销前有关企业所得税处理问题的公告,国家税务总局公告2010年第29号,2010/12/24
202,国家税务总局关于《中华人民共和国政府和芬兰共和国政府对所得避免双重征税和防止偷漏税的协定》及议定书生效执行的公告,国家税务总局公告2010年第22号,2010/11/29
203,国家税务总局关于工会经费企业所得税税前扣除凭据问题的公告,国家税务总局公告2010年第24号,2010/11/9
204,国家税务总局关于金融企业贷款利息收入确认问题的公告,国家税务总局公告2010年第23号,2010/11/5
205,财政部 国家税务总局 商务部 科技部 国家发展改革委关于技术先进型服务企业有关企业所得税政策问题的通知,财税〔2010〕65号,2010/11/5
206,国家税务总局关于查增应纳税所得额弥补以前年度亏损处理问题的公告,国家税务总局公告2010年第20号,2010/10/27
207,国家税务总局关于企业取得财产转让等所得企业所得税处理问题的公告,国家税务总局公告2010年第19号,2010/10/27
208,财政部 国家税务总局关于中华全国总工会公益性捐赠税前扣除资格的通知,财税〔2010〕97号,2010/10/25
209,财政部 国家税务总局对中关村科技园区建设国家自主创新示范区有关研究开发费用加计扣除试点政策的通知,财税〔2010〕81号,2010/10/8
210,国家税务总局关于《内地和澳门特别行政区关于对所得避免双重征税和防止偷漏税的安排》议定书生效执行的公告,国家税务总局公告2010年第15号,2010/10/8
211,财政部 国家税务总局 民政部关于公布2009年度第二批2010年度第一批公益性捐赠税前扣除资格的公益性社会团体名单的通知,财税〔2010〕69号,2010/9/30
212,财政部 国家税务总局关于保险保障基金有关税收问题的通知,财税〔2010〕77号,2010/9/6
213,财政部 国家税务总局关于海峡两岸空中直航营业税和企业所得税政策的通知,财税〔2010〕63号,2010/9/6
214,国家税务总局关于取消合并纳税后以前年度尚未弥补亏损有关企业所得税问题的公告,国家税务总局公告2010年第7号,2010/7/30
215,国家税务总局关于企业股权投资损失所得税处理问题的公告,国家税务总局公告2010年第6号,2010/7/28
216,国家税务总局关于印发《〈中华人民共和国政府和新加坡共和国政府关于对所得避免双重征税和防止偷漏税的协定〉及议定书条文解释》的通知,国税发〔2010〕75号,2010/7/26
217,国家税务总局关于发布《企业重组业务企业所得税管理办法》的公告,国家税务总局公告2010年第4号,2010/7/26
218,国家税务总局关于“公司＋农户”经营模式企业所得税优惠问题的公告,国家税务总局公告2010年第2号,2010/7/9
219,国家税务总局关于发布《企业境外所得税收抵免操作指南》的公告,国家税务总局公告2010年第1号,2010/7/2
220,国家税务总局关于环境保护节能节水 安全生产等专用设备投资抵免企业所得税有关问题的通知,国税函〔2010〕256号,2010/6/2
221,国家税务总局关于境外分行取得来源于境内利息所得扣缴企业所得税问题的通知,国税函〔2010〕266号,2010/6/2
222,国家税务总局关于2009年度企业所得税纳税申报有关问题的通知,国税函〔2010〕249号,2010/5/28
223,财政部 国家税务总局关于中国银联股份有限公司特别风险准备金税前扣除问题的通知,财税〔2010〕25号,2010/5/14
224,财政部 国家税务总局关于中国扶贫基金会小额信贷试点项目税收政策的通知,财税〔2010〕35号,2010/5/13
225,国家税务总局关于房地产开发企业开发产品完工条件确认问题的通知,国税函〔2010〕201号,2010/5/12
226,国家税务总局关于中国工商银行股份有限公司等企业企业所得税有关征管问题的通知,国税函〔2010〕184号,2010/5/6
227,国家税务总局关于小型微利企业预缴2010年度企业所得税有关问题的通知,国税函〔2010〕185号,2010/5/6
228,财政部 国家税务总局关于确认中国红十字会总会公益性捐赠税前扣除资格的通知,财税〔2010〕37号,2010/4/26
229,国家税务总局关于进一步明确企业所得税过渡期优惠政策执行口径问题的通知,国税函〔2010〕157号,2010/4/21
230,国家税务总局关于跨地区经营建筑企业所得税征收管理问题的通知,国税函〔2010〕156号,2010/4/19
231,国家税务总局关于贯彻落实企业所得税法若干税收问题的通知,国税函〔2010〕79号,2010/2/22
232,国家税务总局关于印发《非居民企业所得税核定征收管理办法》的通知,国税发〔2010〕19号,2010/2/20
233,国家税务总局关于政府关停外商投资企业所得税优惠政策处理问题的批复,国税函〔2010〕69号,2010/2/12
234,财政部 国家税务总局关于汶川地震灾区农村信用社企业所得税有关问题的通知,财税〔2010〕3号,2010/1/5
235,国家税务总局关于黑龙江垦区国有农场土地承包费缴纳企业所得税问题的批复,国税函〔2009〕779号,2009/12/31
236,国家税务总局关于企业向自然人借款的利息支出企业所得税税前扣除问题的通知,国税函〔2009〕777号,2009/12/31
237,财政部 国家税务总局 国家发展改革委关于公布环境保护节能节水项目企业所得税优惠目录（试行）的通知,财税〔2009〕166号,2009/12/31
238,国家发展改革委 工业和信息化部 商务部 税务总局关于发布2009年度国家规划布局内重点软件企业名单的通知,发改高技〔2009〕3357号,2009/12/31
239,财政部 国家税务总局关于企业境外所得税收抵免有关问题的通知,财税〔2009〕125号,2009/12/25
240,国家税务总局关于加强非居民企业股权转让所得企业所得税管理的通知,国税函〔2009〕698号,2009/12/10
241,财政部 国家税务总局关于通过公益性群众团体的公益性捐赠税前扣除有关问题的通知,财税〔2009〕124号,2009/12/8
242,财政部 国家税务总局关于小型微利企业有关企业所得税政策的通知,财税〔2009〕133号,2009/12/2
243,财政部 国家税务总局关于非营利组织企业所得税免税收入问题的通知,财税〔2009〕122号,2009/11/11
244,国家税务总局关于资源综合利用有关企业所得税优惠问题的批复,国税函〔2009〕567号,2009/10/10
245,财政部 国家税务总局关于期货投资者保障基金有关税收问题的通知,财税〔2009〕68号,2009/8/31
246,财政部 国家税务总局关于保险公司提取农业巨灾风险准备金企业所得税税前扣除问题的通知,财税〔2009〕110号,2009/8/21
247,财政部 国家税务总局关于金融企业涉农贷款和中小企业贷款损失准备金税前扣除政策的通知,财税〔2009〕99号,2009/8/21
248,财政部 国家税务总局 民政部关于公布2008年度2009年度第一批获得公益性捐赠税前扣除资格的公益性社会团体名单的通知,财税〔2009〕85号,2009/8/20
249,财政部 国家税务总局关于部分行业广告费和业务宣传费税前扣除政策的通知,财税〔2009〕72号,2009/7/31
250,国家税务总局关于西部大开发企业所得税优惠政策适用目录问题的批复,国税函〔2009〕399号,2009/7/27
251,国家税务总局关于非居民企业取得B股等股票股息征收企业所得税问题的批复,国税函〔2009〕394号,2009/7/24
252,国家税务总局关于印发《中华人民共和国企业清算所得税申报表》的通知,国税函〔2009〕388号,2009/7/17
253,财政部 国家税务总局关于扶持动漫产业发展有关税收政策问题的通知,财税〔2009〕65号,2009/7/17
254,国家税务总局关于企业所得税核定征收若干问题的通知,国税函〔2009〕377号,2009/7/14
255,财政部 国家税务总局关于专项用途财政性资金有关企业所得税处理问题的通知,财税〔2009〕87号,2009/6/16
256,国家税务总局关于保险公司再保险业务赔款支出税前扣除问题的通知,国税函〔2009〕313号,2009/6/4
257,国家税务总局关于企业投资者投资未到位而发生的利息支出企业所得税前扣除问题的批复,国税函〔2009〕312号,2009/6/4
258,财政部 国家税务总局关于补充养老保险费 补充医疗保险费有关企业所得税政策问题的通知,财税〔2009〕27号,2009/6/2
259,财政部 国家税务总局关于中小企业信用担保机构有关准备金税前扣除问题的通知,财税〔2009〕62号,2009/6/1
260,国家税务总局关于调整中国石油化工股份有限公司合并纳税范围的通知,国税函〔2009〕300号,2009/5/31
261,国家税务总局关于2008年度企业所得税纳税申报有关问题的通知,国税函〔2009〕286号,2009/5/31
262,国家税务总局关于企业所得税税收优惠管理问题的补充通知,国税函〔2009〕255号,2009/5/15
263,国家税务总局关于加强个人工资薪金所得与企业的工资费用支出比对问题的通知,国税函〔2009〕259号,2009/5/15
264,财政部 国家税务总局关于金融企业贷款损失准备金企业所得税税前扣除有关问题的通知,财税〔2009〕64号,2009/4/30
265,国家税务总局关于实施创业投资企业所得税优惠问题的通知,国税发〔2009〕87号,2009/4/30
266,财政部 国家税务总局关于安置残疾人员就业有关企业所得税优惠政策问题的通知,财税〔2009〕70号,2009/4/30
267,财政部 国家税务总局关于企业重组业务企业所得税处理若干问题的通知,财税〔2009〕59号,2009/4/30
268,财政部 国家税务总局关于企业清算业务企业所得税处理若干问题的通知,财税〔2009〕60号,2009/4/30
269,国家税务总局关于加强税种征管促进堵漏增收的若干意见,国税发〔2009〕85号,2009/4/29
270,国家税务总局关于跨地区经营汇总纳税企业所得税征收管理若干问题的通知,国税函〔2009〕221号,2009/4/29
271,国家税务总局关于技术转让所得减免企业所得税有关问题的通知,国税函〔2009〕212号,2009/4/24
272,财政部 国家税务总局关于执行企业所得税优惠政策若干问题的通知,财税〔2009〕69号,2009/4/24
273,国家税务总局关于境外注册中资控股企业依据实际管理机构标准认定为居民企业有关问题的通知,国税发〔2009〕82号,2009/4/22
274,国家税务总局关于实施高新技术企业所得税优惠有关问题的通知,国税函〔2009〕203号,2009/4/22
275,国家税务总局关于企业所得税执行中若干税务处理问题的通知,国税函〔2009〕202号,2009/4/21
276,财政部 国家税务总局关于保险公司准备金支出企业所得税税前扣除有关问题的通知,财税〔2009〕48号,2009/4/17
277,国家税务总局关于实施国家重点扶持的公共基础设施项目企业所得税优惠问题的通知,国税发〔2009〕80号,2009/4/16
278,国家税务总局关于企业固定资产加速折旧所得税处理有关问题的通知,国税发〔2009〕81号,2009/4/16
279,国家税务总局关于印发《企业所得税汇算清缴管理办法》的通知,国税发〔2009〕79号,2009/4/16
280,财政部 国家税务总局关于企业资产损失税前扣除政策的通知,财税〔2009〕57号,2009/4/16
281,财政部 国家税务总局关于开采油（气）资源企业费用和有关固定资产折耗摊销 折旧税务处理问题的通知,财税〔2009〕49号,2009/4/12
282,国家税务总局关于资源综合利用企业所得税优惠管理问题的通知,国税函〔2009〕185号,2009/4/10
283,财政部 国家税务总局关于证券行业准备金支出企业所得税税前扣除有关问题的通知,财税〔2009〕33号,2009/4/9
284,财政部 国家税务总局关于中国对外贸易运输（集团）总公司资产评估增值有关企业所得税问题的通知,财税〔2009〕56号,2009/4/7
285,国家税务总局关于中国居民企业向全国社会保障基金所持H股派发股息不予代扣代缴企业所得税的通知,国税函〔2009〕173号,2009/4/1
286,财政部 海关总署 国家税务总局关于支持文化企业发展若干税收政策问题的通知,财税〔2009〕31号,2009/3/27
287,财政部 国家税务总局关于中国清洁发展机制基金及清洁发展机制项目实施企业有关企业所得税政策问题的通知,财税〔2009〕30号,2009/3/23
288,财政部 国家税务总局关于企业手续费及佣金支出税前扣除政策的通知,财税〔2009〕29号,2009/3/19
289,国家税务总局关于做好2008年度企业所得税汇算清缴工作的补充通知,国税函〔2009〕134号,2009/3/17
290,国家税务总局关于进一步加强非居民税收管理工作的通知,国税发〔2009〕32号,2009/3/9
291,国家税务总局关于印发《房地产开发经营业务企业所得税处理办法》的通知,国税发〔2009〕31号,2009/3/6
292,国家税务总局关于企业所得税若干税务事项衔接问题的通知,国税函〔2009〕98号,2009/2/27
293,国家税务总局关于印发《非居民企业所得税汇算清缴工作规程》的通知,国税发〔2009〕11号,2009/2/9
294,国家税务总局关于做好2008年度企业所得税汇算清缴工作的通知,国税函〔2009〕55号,2009/2/6
295,国家税务总局关于中国居民企业向QFII支付股息、红利、利息代扣代缴企业所得税有关问题的通知,国税函〔2009〕47号,2009/1/23
296,国家税务总局关于明确非居民企业所得税征管范围的补充通知,国税函〔2009〕50号,2009/1/23
297,国家税务总局关于印发《非居民企业所得税汇算清缴管理办法》的通知,国税发〔2009〕6号,2009/1/22
298,国家税务总局关于简化判定中国居民股东控制外国企业所在国实际税负的通知,国税函〔2009〕37号,2009/1/21
299,非居民承包工程作业和提供劳务税收管理暂行办法,国家税务总局令第19号,2009/1/20
300,国家税务总局关于加强企业所得税预缴工作的通知,国税函〔2009〕34号,2009/1/20
301,财政部 国家税务总局关于海峡两岸海上直航营业税和企业所得税政策的通知,财税〔2009〕4号,2009/1/19
302,国家税务总局关于印发《特别纳税调整实施办法（试行）》的通知,国税发〔2009〕2号,2009/1/8
303,国家税务总局关于广西合山煤业有限责任公司取得补偿款有关所得税处理问题的批复,国税函〔2009〕18号,2009/1/8
304,国家税务总局关于企业工资薪金及职工福利费扣除问题的通知,国税函〔2009〕3号,2009/1/4
305,国家税务总局关于债务重组所得企业所得税处理问题的批复,国税函〔2009〕1号,2009/1/4
306,发展和改革委员会 工业和信息化部 商务部 国家税务总局关于发布2008年度国家规划布局内重点软件企业名单的通知,发改高技〔2008〕3700号,2008/12/31
307,国家税务总局关于《中华人民共和国企业所得税年度纳税申报表》的补充通知,国税函〔2008〕1081号,2008/12/31
308,财政部 国家税务总局关于合伙企业合伙人所得税问题的通知,财税〔2008〕159号,2008/12/23
309,文化部 财政部 国家税务总局关于印发《动漫企业认定管理办法（试行）》的通知,文市发〔2008〕51号,2008/12/18
310,财政部 国家税务总局关于财政性资金 行政事业性收费 政府性基金有关企业所得税政策问题的通知,财税〔2008〕151号,2008/12/16
311,国家税务总局关于调整新增企业所得税征管范围问题的通知,国税发〔2008〕120号,2008/12/16
312,国家税务总局关于印发《中华人民共和国企业年度关联业务往来报告表》的通知,国税发〔2008〕114号,2008/12/5
313,国家税务总局关于高新技术企业2008年度缴纳企业所得税问题的通知,国税函〔2008〕985号,2008/12/2
314,国家税务总局关于企业所得税减免税管理问题的通知,国税发〔2008〕111号,2008/12/1
315,科学技术部 财政部 国家税务总局关于认真做好2008年高新技术企业认定管理工作的通知,国科发火〔2008〕705号,2008/11/27
316,国家税务总局关于跨地区经营外商独资银行汇总纳税问题的通知,国税函〔2008〕958号,2008/11/26
317,财政部 国家税务总局关于发布享受企业所得税优惠政策的农产品初加工范围（试行）的通知,财税〔2008〕149号,2008/11/26
318,国家税务总局关于非居民企业船舶、航空运输收入计算征收企业所得税有关问题的通知,国税函〔2008〕952号,2008/11/24
319,国家税务总局关于加强非居民企业来源于我国利息所得扣缴企业所得税工作的通知,国税函〔2008〕955号,2008/11/24
320,国家税务总局关于中国居民企业向境外H股非居民企业股东派发股息代扣代缴企业所得税有关问题的通知,国税函〔2008〕897号,2008/11/6
321,国家税务总局关于确认企业所得税收入若干问题的通知,国税函〔2008〕875号,2008/10/30
322,国家税务总局关于印发《中华人民共和国企业所得税年度纳税申报表》的通知,国税发〔2008〕101号,2008/10/30
323,关于试点企业集团缴纳企业所得税有关问题的通知,财税〔2008〕119号,2008/10/17
324,关于贯彻落实从事农、林、牧、渔业项目企业所得税优惠政策有关事项的通知,国税函〔2008〕850号,2008/10/17
325,关于企业处置资产所得税处理问题的通知,国税函〔2008〕828号,2008/10/9
326,关于执行公共基础设施项目企业所得税优惠目录有关问题的通知,财税〔2008〕46号,2008/9/23
327,关于执行资源综合利用企业所得税优惠目录有关问题的通知,财税〔2008〕47号,2008/9/23
328,关于执行环境保护专用设备企业所得税优惠目录 节能节水专用设备企业所得税优惠目录和安全生产专用设备企业所得税优惠目录有关问题的通知,财税〔2008〕48号,2008/9/23
329,财政部 国家税务总局关于企业关联方利息支出税前扣除标准有关税收政策问题的通知,财税〔2008〕121号,2008/9/19
330,财政部 国家税务总局 国家发展改革委关于公布公共基础设施项目企业所得税优惠目录（2008年版）的通知,财税〔2008〕116号,2008/9/8
331,国家税务总局关于跨地区经营汇总纳税企业所得税征收管理有关问题的通知,国税函〔2008〕747号,2008/8/21
332,财政部 国家税务总局 国家发展改革委关于公布节能节水专用设备企业所得税优惠目录（2008年版）和环境保护专用设备企业所得税优惠目录（2008年版）的通知,财税〔2008〕115号,2008/8/20
333,财政部 国家税务总局 安全监管总局关于公布《安全生产专用设备企业所得税优惠目录（2008年版）》的通知,财税〔2008〕118号,2008/8/20
334,财政部 国家税务总局 国家发展改革委关于公布资源综合利用企业所得税优惠目录（2008年版）的通知,财税〔2008〕117号,2008/8/20
335,国家税务总局关于母子公司间提供服务支付费用有关企业所得税处理问题的通知,国税发〔2008〕86号,2008/8/14
336,财政部 国家税务总局关于中国国旅集团有限公司重组上市资产评估增值有关企业所得税政策问题的通知,财税〔2008〕82号,2008/8/7
337,财政部 海关总署 国家税务总局关于支持汶川地震灾后恢复重建有关税收政策问题的通知,财税〔2008〕104号,2008/8/1
338,科学技术部 财政部 国家税务总局关于印发《高新技术企业认定管理工作指引》的通知,国科发火〔2008〕362号,2008/7/8
339,国家税务总局关于非居民企业不享受小型微利企业所得税优惠政策问题的通知,国税函〔2008〕650号,2008/7/3
340,国家税务总局关于2007年度企业所得税汇算清缴中金融企业应纳税所得额计算有关问题的通知,国税函〔2008〕624号,2008/6/27
341,国家税务总局关于国务院第四批取消和调整行政审批项目后涉及简并纳税人涉税资料业务操作处理办法的通知,国税发〔2008〕56号,2008/5/22
342,财政部 国家税务总局关于认真落实抗震救灾及灾后重建税收政策问题的通知,财税〔2008〕62号,2008/5/19
343,国家税务总局关于停止执行企业购买国产设备投资抵免企业所得税政策问题的通知,国税发〔2008〕52号,2008/5/16
344,财政部 中国人民银行 国家税务总局关于增设跨市县总分机构企业所得税科目的通知,财预〔2008〕37号,2008/4/24
345,国家税务总局关于房地产开发企业所得税预缴问题的通知,国税函〔2008〕299号,2008/4/7
346,财政部 国家税务总局关于核电行业税收政策有关问题的通知,财税〔2008〕38号,2008/4/3
347,国家税务总局关于外国企业所得税纳税年度有关问题的通知,国税函〔2008〕301号,2008/4/3
348,国家税务总局关于普华永道中天会计师事务所有限公司及其关联机构赞助第29届奥运会有关税收政策问题的通知,国税函〔2008〕286号,2008/3/30
349,国家税务总局关于服务贸易对外支付税收征管有关问题的补充通知,国税函〔2008〕258号,2008/3/24
350,国家税务总局关于做好2007年度企业所得税汇算清缴工作的补充通知,国税函〔2008〕264号,2008/3/24
351,财政部 国家税务总局关于核定中信银行股份有限公司计税工资税前扣除标准有关问题的通知,财税〔2008〕36号,2008/3/24
352,国家税务总局 关于小型微利企业所得税预缴问题的通知,国税函〔2008〕251号,2008/3/21
353,国家税务总局 关于印发《跨地区经营汇总纳税企业所得税征收管理暂行办法》的通知,国税发〔2008〕28号,2008/3/10
354,国家税务总局关于服务贸易对外支付税收征管有关问题的通知,国税函〔2008〕219号,2008/3/6
355,国家税务总局关于印发《企业所得税核定征收办法》（试行）的通知,国税发〔2008〕30号,2008/3/6
356,财政部 国家税务总局关于廉租住房经济适用住房和住房租赁有关税收政策的通知,财税〔2008〕24号,2008/3/3
357,国家税务总局关于外商投资企业和外国企业原有若干税收优惠政策取消后有关事项处理的通知,国税发〔2008〕23号,2008/2/27
358,国家外汇管理局 国家税务总局关于试行服务贸易对外支付税务备案有关问题的通知,汇发〔2008〕8号,2008/2/26
359,财政部 国家税务总局关于企业所得税若干优惠政策的通知,财税〔2008〕1号,2008/2/22
360,财政部 国家税务总局关于贯彻落实国务院关于实施企业所得税过渡优惠政策有关问题的通知,财税〔2008〕21号,2008/2/13
361,国家税务总局关于印发《新企业所得税法精神宣传提纲》的通知,国税函〔2008〕159号,2008/2/5
362,国家税务总局关于企业所得税预缴问题的通知,国税发〔2008〕17号,2008/1/30
363,国家税务总局关于下发协定股息税率情况一览表的通知,国税函〔2008〕112号,2008/1/29
364,国家税务总局关于中国南方机车车辆工业集团公司所属企业2007年度技术开发费扣除标准的通知,国税函〔2007〕1136号,2007/11/18
365,国家税务总局关于中国东方资产管理公司和中国长城资产管理公司缴纳企业所得税问题的通知,国税函〔2007〕1048号,2007/10/23
366,国家税务总局关于下发试点物流企业名单（第三批）的通知,国税函〔2007〕1019号,2007/9/28
367,第十四批享受优惠政策的企业(集团)技术中心名单,国家发展改革委公告2007年第58号,2007/9/20
368,财政部 国家税务总局关于《中华人民共和国企业所得税法》公布后企业适用税收法律问题的通知,财税〔2007〕115号,2007/8/31
369,国家税务总局关于内蒙古蒙牛乳业（集团）股份有限公司抵免所得税后的国产设备用于投资和转让有关企业所得税问题的批复,国税函〔2007〕937号,2007/8/30
370,财政部 国家税务总局关于中国长江航运(集团)总公司改组改制过程中有关企业所得税政策问题的通知,财税〔2007〕105号,2007/8/27
371,财政部 国家税务总局关于科技企业孵化器有关税收政策问题的通知,财税〔2007〕121号,2007/8/20
372,财政部 国家税务总局关于国家大学科技园有关税收政策问题的通知,财税〔2007〕120号,2007/8/20
373,财政部 国家税务总局关于纳税人向第八届全国少数民族传统体育运动会捐赠税前扣除问题的通知,财税〔2007〕98号,2007/8/6
374,国家发展和改革委员会 信息产业部 海关总署 国家税务总局关于发布第一批国家鼓励的集成电路企业名单的通知,发改高技〔2007〕1879号,2007/8/1
375,国家税务总局关于兴业银行股份有限公司所属分支机构缴纳企业所得税问题的通知,国税函〔2007〕830号,2007/8/1
376,国家税务总局关于中央和国务院各部门机关服务中心恢复征税的通知,国税发〔2007〕94号,2007/8/1
377,财政部 国家税务总局关于核定兴业银行股份有限公司计税工资税前扣除标准有关问题的通知,财税〔2007〕111号,2007/7/31
378,财政部 国家税务总局关于中国青少年社会教育基金会等16家单位公益救济性捐赠所得税税前扣除问题的通知,财税〔2007〕112号,2007/7/31
379,财政部 国家税务总局关于核定中央国债登记结算有限责任公司计税工资税前扣除标准有关问题的通知,财税〔2007〕86号,2007/7/6
380,农业部 发展改革委 财政部 商务部 中国人民银行 国家税务总局 中国证券监督管理委员会 中华全国供销合作总社关于递补41家企业为农业产业化国家重点龙头企业的通知,农经发〔2007〕9号,2007/6/20
381,财政部 国家税务总局关于促进残疾人就业税收优惠政策的通知,财税〔2007〕92号,2007/6/15
382,财政部 国家税务总局关于中国交通建设集团有限公司重组改制过程中资产评估增值有关企业所得税政策问题的通知,财税〔2007〕58号,2007/5/9
383,财政部 国家税务总局关于核定中国人保资产管理有限公司计税工资税前扣除标准有关问题的通知,财税〔2007〕52号,2007/4/29
384,财政部 国家税务总局关于中国电信实业资产重组上市过程中资产评估增值有关企业所得税政策问题的通知,财税〔2007〕68号,2007/4/27
385,国家税务总局关于中国石油化工股份有限公司合并纳税问题的补充通知,国税函〔2007〕438号,2007/4/19
386,国家认定企业技术中心管理办法,国家发展和改革委员会 科学技术部 财政部 海关总署 国家税务总局令第53号,2007/4/19
387,国家税务总局关于中国石油天然气股份有限公司合并纳税问题的补充通知,国税函〔2007〕434号,2007/4/17
388,国家税务总局关于大通证券股份有限公司缴纳企业所得税问题的通知,国税函〔2007〕429号,2007/4/16
389,国家税务总局关于中信建投证券有限责任公司缴纳企业所得税问题的通知,国税函〔2007〕428号,2007/4/16
390,国家税务总局关于中国轻工集团公司汇总缴纳企业所得税问题的通知,国税函〔2007〕410号,2007/4/5
391,财政部 国家税务总局关于源讯（北京）公司和欧米茄（瑞士）公司对第29届奥运会服务赞助有关税收政策问题的通知,财税〔2007〕38号,2007/3/29
392,国家税务总局关于调整中国人民健康保险股份有限公司汇总纳税范围的通知,国税函〔2007〕361号,2007/3/27
393,国家税务总局关于调整安华农业保险股份有限公司和阳光财产保险股份有限公司汇总纳税范围的通知,国税函〔2007〕359号,2007/3/27
394,国家税务总局关于调整西南证券有限责任公司汇总纳税范围的通知,国税函〔2007〕358号,2007/3/27
395,财政部 国家税务总局关于核定中国工商银行股份有限公司计税工资税前扣除问题的通知,财税〔2007〕44号,2007/3/21
396,国家税务总局关于广东物资集团公司等6家企业停止执行汇总（合并）纳税的通知,国税函〔2007〕347号,2007/3/21
397,财政部 国家税务总局关于核定中国银行股份有限公司计税工资税前扣除标准有关问题的通知,财税〔2007〕40号,2007/3/14
398,国家税务总局关于中国银联股份有限公司特别风险准备金及风险损失税前扣除问题的通知,国税函〔2007〕307号,2007/3/12
399,国家税务总局关于中国保利集团公司调整合并纳税成员企业范围的通知,国税函〔2007〕306号,2007/3/9
400,国家税务总局关于铁道部及所属企业汇总缴纳企业所得税问题的通知,国税函〔2007〕287号,2007/3/8
401,国家税务总局关于调整生命人寿保险股份有限公司等3家保险公司汇总纳税范围的通知,国税函〔2007〕286号,2007/3/8
402,国家税务总局关于招商银行股份有限公司等金融机构调整汇总纳税范围的通知,国税函〔2007〕292号,2007/3/8
403,国家税务总局关于调整中国五矿集团公司合并纳税范围的通知,国税函〔2007〕260号,2007/3/6
404,财政部 海关总署 国家税务总局关于公布第二批不在试点地区的文化体制改革试点单位名单和新增试点地区名单的通知,财税〔2007〕36号,2007/2/27
405,国家税务总局关于港口设施保安费税收政策问题的通知,国税发〔2007〕20号,2007/2/26
406,国家税务总局关于调整中国农业发展集团总公司合并纳税成员企业范围的通知,国税函〔2007〕200号,2007/2/14
407,国家税务总局关于调整天安保险股份有限公司等3家保险公司汇总纳税范围的通知,国税函〔2007〕207号,2007/2/14
408,国家税务总局关于调整民生人寿股份有限公司和永诚财产保险股份有限公司汇总纳税范围的通知,国税函〔2007〕202号,2007/2/13
409,财政部 国家税务总局关于中国移动通信集团公司与中华环境保护基金会合作项目有关税收政策问题的通知,财税〔2007〕32号,2007/2/12
410,国家税务总局关于调整中国中信集团公司汇总纳税范围的通知,国税函〔2007〕185号,2007/2/10
411,财政部 国家税务总局关于海南省改革试点的农村信用社税收政策的通知,财税〔2007〕18号,2007/2/10
412,国家税务总局关于调整中国铁路物资总公司合并纳税范围的通知,国税函〔2007〕180号,2007/2/10
413,财政部 国家税务总局关于加快煤层气抽采有关税收政策问题的通知,财税〔2007〕16号,2007/2/7
414,国家税务总局关于调整中国电力投资集团公司合并纳税范围的通知,国税函〔2007〕164号,2007/2/7
415,财政部 国家税务总局关于宣传文化所得税优惠政策的通知,财税〔2007〕24号,2007/2/6
416,国家税务总局关于印发《企业所得税汇算清缴纳税申报鉴证业务准则（试行）》的通知,国税发〔2007〕10号,2007/2/2
417,国家税务总局关于印发《企业财产损失所得税税前扣除鉴证业务准则（试行）》的通知,国税发〔2007〕9号,2007/2/2
418,国家税务总局关于调整中国南方电网有限责任公司合并纳税成员企业范围的通知,国税函〔2007〕133号,2007/1/28
419,国家税务总局关于徽商银行等3家银行缴纳企业所得税问题的通知,国税函〔2007〕100号,2007/1/23
420,国家税务总局关于调整中国重汽集团公司合并纳税范围的通知,国税函〔2007〕67号,2007/1/11
421,国家税务总局关于万向集团公司合并缴纳企业所得税问题的通知,国税函〔2007〕60号,2007/1/10
422,国家税务总局关于长江证券有限责任公司等证券公司缴纳企业所得税问题的通知,国税函〔2007〕61号,2007/1/10
423,国家发展和改革委员会 信息产业部 商务部 国家税务总局关于发布2006年度国家规划布局内重点软件企业名单的通知,发改高技〔2007〕30号,2007/1/9
424,国家税务总局关于中国建银投资证券有限责任公司缴纳企业所得税问题的通知,国税函〔2007〕14号,2007/1/9
425,国家税务总局关于调整南京汽车集团有限公司合并纳税范围的通知,国税函〔2007〕19号,2007/1/8
426,财政部 国家税务总局关于豁免东北老工业基地企业历史欠税有关问题的通知,财税〔2006〕167号,2006/12/6
427,财政部 国家税务总局关于中国人民财产保险股份公司赞助北京第29届奥运会有关税收问题的通知,财税〔2006〕36号,2006/11/8
428,财政部 国家税务总局关于企业支付学生实习报酬有关所得税政策问题的通知,财税〔2006〕107号,2006/11/1
429,农业部 发展改革委 财政部 商务部 中国人民银行 国家税务总局 中国证券监督管理委员会 中华全国供销合作总社关于加快发展农业产业化经营的意见,农发〔2006〕6号,2006/10/1
430,国家税务总局关于中国移动通信集团公司和中国移动（香港）有限公司内地子公司对奥运会提供通信相关服务赞助有关税收问题的通知,国税函〔2006〕671号,2006/7/10
431,财政部 国家税务总局关于中国移动通信集团公司和中国联通通信有限公司与中国红十字会合作项目有关税收政策问题的通知,财税〔2006〕59号,2006/6/22
432,财政部 全国总工会 国家发改委教育部 科技部 国防科工委人事部 劳动保障部 国务院国资委国家税务总局 全国工商联关于印发《关于企业职工教育经费提取与使用管理的意见》的通知,财建〔2006〕317号,2006/6/19
433,财政部 国家税务总局关于大秦铁路改制上市有关税收问题的通知,财税〔2006〕32号,2006/5/14
434,国家税务总局关于房地产开发业务征收企业所得税问题的通知,国税发〔2006〕31号,2006/3/6
435,国家税务总局关于执行税收协定利息条款有关问题的通知,国税函〔2006〕229号,2006/3/1
436,财政部 国家税务总局关于信贷资产证券化有关税收政策问题的通知,财税〔2006〕5号,2006/2/20
437,财政部 国家税务总局关于下岗失业人员再就业有关税收政策问题的通知,财税〔2005〕186号,2006/1/23
438,劳动保障部 发展改革委 教育部 监察部 民政部 财政部 建设部 农业部 商务部 人民银行 国资委 国家税务总局 工商总局 统计局 中央编办 全国总工会 共青团中央 全国妇联关于贯彻落实国务院进一步加强就业再就业工作通知若干问题的意见,劳社部发〔2006〕6号,2006/1/20
439,财政部 国家税务总局关于享受企业所得税优惠政策的新办企业认定标准的通知,财税〔2006〕1号,2006/1/9
440,财政部 国家税务总局关于2010年上海世博会有关税收政策问题的通知,财税〔2005〕180号,2005/12/31
441,国家税务总局关于部分资源综合利用产品增值税政策有关问题的批复,国税函〔2005〕1028号,2005/11/2
442,企业财产损失所得税前扣除管理办法,国家税务总局令第13号,2005/8/9
443,国家税务总局关于印发《税收减免管理办法（试行）》的通知,国税发〔2005〕129号,2005/8/3
444,国家税务总局关于转让定价税收管理工作中资本性调整问题的通知,国税函〔2005〕745号,2005/7/28
445,财政部 国家税务总局关于中国移动通信集团公司与中国妇女发展基金会合作项目有关税收政策问题的通知,财税〔2005〕53号,2005/6/30
446,国家税务总局关于中原证券股份有限公司缴纳企业所得税问题的通知,国税函〔2005〕664号,2005/6/24
447,财政部 国家税务总局关于股权分置试点改革有关税收政策问题的通知,财税〔2005〕103号,2005/6/13
448,财政部 海关总署 国家税务总局关于文化体制改革试点中支持文化产业发展若干税收政策问题的通知,财税〔2005〕2号,2005/3/29
449,财政部 海关总署 国家税务总局关于文化体制改革中经营性文化事业单位转制后企业的若干税收政策问题的通知,财税〔2005〕1号,2005/3/29
450,财政部 国家税务总局关于延长转制科研机构有关税收政策执行期限的通知,财税〔2005〕14号,2005/3/8
451,国家税务总局关于泰国船舶公司征免税问题的通知,国税函〔2005〕134号,2005/1/31
452,国家税务总局关于中信证券股份有限公司等证券公司缴纳企业所得税问题的通知,国税函〔2004〕1068号,2004/9/22
453,国家税务总局关于长城证券有限责任公司等证券公司缴纳企业所得税问题的通知,国税函〔2004〕1062号,2004/9/20
454,国家税务总局关于爱建证券有限责任公司等证券公司缴纳企业所得税问题的通知,国税函〔2004〕1016号,2004/9/1
455,国家税务总局关于中原证券股份有限公司等证券公司缴纳企业所得税问题的通知,国税函〔2004〕991号,2004/8/24
456,国家税务总局关于华夏证券股份有限公司等证券公司缴纳企业所得税问题的通知,国税函〔2004〕964号,2004/8/13
457,国家发展和改革委员会商务部 公安部 铁道部交通部 海关总署 国家税务总局 中国民用航空总局国家工商行政管理总局印发《关于促进我国现代物流业发展的意见》的通知,发改运行〔2004〕1617号,2004/8/5
458,国家税务总局关于货物运输业若干税收问题的通知,国税发〔2004〕88号,2004/7/8
459,财政部 国家税务总局关于中国移动通信集团公司与中华健康快车基金会合作项目有关营业税和企业所得税政策问题的通知,财税〔2004〕82号,2004/7/8
460,国家税务总局关于中国人寿保险（集团）公司重组改制后有关税务问题的通知,国税函〔2004〕852号,2004/6/11
461,财政部 国家税务总局关于证券投资基金税收政策的通知,财税〔2004〕78号,2004/4/30
462,教育部 国家发展改革委 财政部国家税务总局 国家粮食局关于支持高等学校进一步做好学生食堂工作的若干意见,教发〔2004〕15号,2004/4/27
463,财政部 国家税务总局关于钓鱼台国宾馆免税问题的通知,财税〔2004〕72号,2004/4/27
464,财政部 国家税务总局关于教育税收政策的通知,财税〔2004〕39号,2004/2/5
465,国家税务总局关于广播电视事业单位广告收入和有线电视费收入所得税处理问题的通知,国税函〔2004〕86号,2004/1/15
466,国家发展和改革委员会 财政部 国家税务总局关于印发《资源综合利用目录（2003年修订）》的通知,发改环资〔2004〕73号,2004/1/8
467,财政部 国家税务总局关于中国东方资产管理公司处置港澳国际（集团）有限公司有关资产税收政策问题的通知,财税〔2003〕212号,2003/11/10
468,财政部 国家税务总局关于香港中银集团重组上市有关税收问题的通知,财税〔2003〕126号,2003/9/9
469,国家税务总局关于中国移动通信集团公司有关所得税问题的通知,国税函〔2003〕847号,2003/7/14
470,财政部 国家税务总局关于转制科研机构有关税收政策问题的通知,财税〔2003〕137号,2003/7/8
471,财政部 国家税务总局关于被撤销金融机构有关税收政策问题的通知,财税〔2003〕141号,2003/7/3
472,国家税务总局关于做好已取消的企业所得税审批项目后续管理工作的通知,国税发〔2003〕70号,2003/6/18
473,财政部 国家税务总局 海关总署科技部 新闻出版总署关于鼓励科普事业发展税收政策问题的通知,财税〔2003〕55号,2003/5/8
474,财政部 国家税务总局关于自主择业的军队转业干部有关税收政策问题的通知,财税〔2003〕26号,2003/4/9
475,企业债务重组业务所得税处理办法,国家税务总局令第6号,2003/1/23
476,农业部 国家发展计划委员会 国家经济贸易委员会 财政部 对外贸易经济合作部 中国人民银行 国家税务总局 中国证券监督管理委员会 中华全国供销合作总社关于公布第二批农业产业化国家重点龙头企业名单的通知,农经发〔2002〕14号,2002/12/31
477,国家税务总局关于中国农业生产资料集团公司所属企业借款利息税前扣除问题的通知,国税函〔2002〕837号,2002/9/20
478,金融企业呆账损失税前扣除管理办法,国家税务总局令第4号,2002/9/9
479,财政部 国家税务总局关于开放式证券投资基金有关税收问题的通知,财税〔2002〕128号,2002/8/22
480,国家税务总局 国家外汇管理局关于加强外国公司船舶运输收入税收管理及国际海运业对外支付管理的补充通知,国税发〔2002〕107号,2002/8/15
481,财政部 国家税务总局关于西气东输项目有关税收政策的通知,财税〔2002〕111号,2002/7/31
482,财政部 国家税务总局关于全国社会保障基金有关税收政策问题的通知,财税〔2002〕75号,2002/5/30
483,财政部 国家税务总局关于发行福利彩票有关税收问题的通知,财税〔2002〕59号,2002/4/23
484,国家税务总局关于所得税收入分享体制改革后税收征管范围的通知,国税发〔2002〕8号,2002/1/24
485,国家税务总局 国家外汇管理局关于加强外国公司船舶运输收入税收管理及国际海运业对外支付管理的通知,国税发〔2001〕139号,2001/12/4
486,国家税务总局关于中国联通有限公司有关税收问题的通知,国税函〔2001〕762号,2001/10/18
487,农业部 国家发展计划委员会 国家经济贸易委员会 财政部 对外贸易经济合作部 中国人民银行 国家税务总局 中国证券监督管理委员会中华全国供销合作总社印发《农业产业化国家重点龙头企业认定和运行监测管理暂行办法》的通知,农经发〔2001〕4号,2001/6/26
488,国家税务总局关于代扣代缴储蓄存款利息所得个人所得税手续费收入征免税问题的通知,国税发〔2001〕31号,2001/3/16
489,财政部 国家税务总局关于非营利性科研机构税收政策的通知,财税〔2001〕5号,2001/2/9
490,财政部 国家税务总局关于对老年服务机构有关税收政策问题的通知,财税〔2000〕97号,2000/11/24
491,农业部 国家发展计划委员会 国家经济贸易委员会 财政部 对外贸易经济合作部 中国人民银行 国家税务总局 中国证券监督管理委员会关于公布农业产业化国家重点龙头企业名单的通知,农经发〔2000〕10号,2000/10/26
492,财政部 国家税务总局关于住房公积金管理中心有关税收政策的通知,财税〔2000〕94号,2000/10/10
493,农业部 国家发展计划委员会国家经济贸易委员会 财政部对外贸易经济合作部 中国人民银行 国家税务总局 中国证券监督管理委员会印发《关于扶持农业产业化经营重点龙头企业的意见》的通知,农经发〔2000〕8号,2000/10/8
494,财政部 国家税务总局关于随军家属就业有关税收政策的通知,财税〔2000〕84号,2000/9/27
495,财政部 国家税务总局关于对青少年活动场所、电子游戏厅有关所得税和营业税政策问题的通知,财税〔2000〕21号,2000/7/18
496,财政部 国家税务总局关于医疗卫生机构有关税收政策的通知,财税〔2000〕42号,2000/7/10
497,国家税务总局关于部队取得应税收入税收征管问题的批复,国税函〔2000〕466号,2000/6/16
498,财政部 国家税务总局 海关总署关于鼓励软件产业和集成电路产业发展有关税收政策问题的通知,财税〔2000〕25号,2000/5/12
499,财政部 国家税务总局关于贯彻落实《中共中央 国务院关于加强技术创新，发展高科技，实现产业化的决定》有关税收问题的通知,财税字〔1999〕273号,1999/11/2
500,财政部 国家税务总局关于促进科技成果转化有关税收政策的通知,财税字〔1999〕45号,1999/5/27
501,国家税务总局关于外国企业来华参展后销售展品有关税务处理问题的批复,国税函〔1999〕207号,1999/4/26
502,财政部 国家税务总局关于证券投资基金税收问题的通知,财税字〔1998〕55号,1998/8/6
503,财政部 国家税务总局关于民贸企业有关税收问题的通知,财税字〔1997〕124号,1998/1/7
504,财政部 国家税务总局关于体育彩票发行收入税收问题的通知,财税字〔1996〕77号,1996/11/7
505,财政部 国家税务总局关于发布《外国公司船舶运输收入征税办法》的通知,财税字〔1996〕87号,1996/10/24
506,财政部 国家税务总局关于工程勘察设计单位改为企业后有关税收问题的函,财税字〔1995〕100号,1995/10/24
507,财政部 国家税务总局关于国家政策性银行营业税、所得税缴纳及财政返还问题的通知,财税字〔1995〕37号,1995/7/27
508,国家税务总局关于企业所得税征收和管理范围的通知,国税发〔1995〕23号,1995/5/18
509,财政部 国家税务总局关于国家物资储备局系统缴纳增值税、所得税的通知,（1994）财税字第63号,1994/10/11
510,国家税务总局关于高尔夫球俱乐部税收问题的批复,国税函发〔1994〕514号,1994/9/13
511,财政部关于企业所得税会计处理的暂行规定,（1994）财会字第25号,1994/6/29
512,国家税务总局关于社会福利有奖募捐发行收入税收问题的通知,国税发〔1994〕127号,1994/5/23
513,国家税务总局关于境外团体或个人在我国从事文艺及体育演出有关税收问题的通知,国税发〔1994〕106号,1994/4/21
514,国务院关于外商投资企业和外国企业适用增值税、消费税、营业税等税收暂行条例有关问题的通知,国发〔1994〕10号,1994/2/22
515,国家税务局 国家体改委关于印发《股份制试点企业有关税收问题的暂行规定》的通知,国税发〔1992〕137号,1992/6/17
516,中华人民共和国国务院关于经济特区和沿海十四个港口城市减征、免征企业所得税和工商统一税的暂行规定,国发〔1984〕161号,1984/11/15
